"type","agency_ein","title","content"
"acknowledgment","0056","Acknowledgment - NYPD","<span class=""mceNonEditable"">Dear Sir or Madam:<br /><br />&nbsp;&nbsp;&nbsp;&nbsp;&nbsp;&nbsp;&nbsp;&nbsp;This is in response to your request received by this office on {{ moment(date).format('MMMM D, YYYY') }} in which you requested access to certain records under the New York State Freedom of Information Law (FOIL).<br /><br />&nbsp;&nbsp;&nbsp;&nbsp;&nbsp;&nbsp;&nbsp;&nbsp;Your request has been assigned to {{ user.title }} {{ user.last_name }} ({{ user.formatted_point_of_contact_number }}) of this office. Before a determination can be rendered, further review is necessary to assess the potential applicability of exemptions set forth in FOIL, and whether the records can be located. I estimate that this review will be completed, and a determination issued {% if days %} within {{ days }} business days of this letter{% else %} on {{ moment(response_due_date).format('MMMM D, YYYY') }}{% endif %}.<br /><br />&nbsp;&nbsp;&nbsp;&nbsp;&nbsp;&nbsp;&nbsp;&nbsp;This is not a denial of the records you requested. Should your request be denied in whole or in part, you will then be advised in writing of the reason for any denial, and the name and address of the Records Access Appeals Officer.</span>"
"denial","0056","Denied - Refer to Court","<span class=""mceNonEditable"">Dear Sir or Madam:<br /><br />&nbsp;&nbsp;&nbsp;&nbsp;&nbsp;&nbsp;&nbsp;&nbsp;This is in response to your request received by this office on {{ moment(date).format('MMMM D, YYYY') }} in which you requested access to certain records under the New York State Freedom of Information Law (FOIL).<br /><br />&nbsp;&nbsp;&nbsp;&nbsp;&nbsp;&nbsp;&nbsp;&nbsp;In regard to the document(s) which you requested, I am unable to provide access to these records, for these records are not in the possession, custody or control of this Department. It appears the information you seek may be available from the Court of original jurisdiction.<br /><br />&nbsp;&nbsp;&nbsp;&nbsp;&nbsp;&nbsp;&nbsp;&nbsp;You may appeal this decision or any portion thereof. Such an appeal must be made in writing within thirty (30) days of the date of this letter and must be forwarded to: Sergeant Jordan S. Mazur, Records Access Appeals Officer, New York City Police Department, One Police Plaza, Room 1406, New York. NY 10038 or emailed to foilappeals@nypd.org. Please include copies of the FOIL request and this letter with your appeal.</span>"
"denial","0056","Denied - Refer to NYS DMV","<span class=""mceNonEditable"">Dear Sir or Madam:<br /><br />&nbsp;&nbsp;&nbsp;&nbsp;&nbsp;&nbsp;&nbsp;&nbsp;This is in response to your request received by this office on {{ moment(date).format('MMMM D, YYYY') }} in which you requested access to certain records under the New York State Freedom of Information Law (FOIL).<br /><br />&nbsp;&nbsp;&nbsp;&nbsp;&nbsp;&nbsp;&nbsp;&nbsp;In regard to the document(s) which you requested, I am unable to provide access to these records, for these records are not in the possession, custody or control of this Department. It appears the information you seek may be available from the Dept. of Motor Vehicles, Albany, NY.<br /><br />&nbsp;&nbsp;&nbsp;&nbsp;&nbsp;&nbsp;&nbsp;&nbsp;You may appeal this decision or any portion thereof. Such an appeal must be made in writing within thirty (30) days of the date of this letter and must be forwarded to: Sergeant Jordan S. Mazur, Records Access Appeals Officer, New York City Police Department, One Police Plaza, Room 1406, New York. NY 10038 or emailed to foilappeals@nypd.org. Please include copies of the FOIL request and this letter with your appeal.</span>"
"denial","0056","Denied - Duplicate Request","<span class=""mceNonEditable"">Dear Sir or Madam:<br/><br/>&nbsp;&nbsp;&nbsp;&nbsp;&nbsp;&nbsp;&nbsp;&nbsp;This is in response to your request received by this office on {{ moment(date).format('MMMM D, YYYY') }} in which you requested access to certain records under the New York State Freedom of Information Law (FOIL).<br/><br/>&nbsp;&nbsp;&nbsp;&nbsp;&nbsp;&nbsp;&nbsp;&nbsp;The records were previously requested by you and are being denied as a duplicative request </span><span class=""mceEditable"">[DUPLICATE FOIL REQUEST #]</span><span class=""mceNonEditable"">.<br/><br/>&nbsp;&nbsp;&nbsp;&nbsp;&nbsp;&nbsp;&nbsp;&nbsp;You may appeal this decision or any portion thereof. Such an appeal must be made in writing within thirty (30) days of the date of this letter and must be forwarded to: Sergeant Jordan S. Mazur, Records Access Appeals Officer, New York City Police Department, One Police Plaza, Room 1406, New York. NY 10038 or emailed to foilappeals@nypd.org. Please include copies of the FOIL request and this letter with your appeal.</span>"
"denial","0056","Denied - Refer to Personnel Bureau","<span class=""mceNonEditable"">Dear Sir or Madam:<br /><br />&nbsp;&nbsp;&nbsp;&nbsp;&nbsp;&nbsp;&nbsp;&nbsp;This is in response to your request received by this office on {{ moment(date).format('MMMM D, YYYY') }} in which you requested access to certain records under the New York State Freedom of Information Law (FOIL).<br /><br />&nbsp;&nbsp;&nbsp;&nbsp;&nbsp;&nbsp;&nbsp;&nbsp;In regard to the employment records which you requested, these documents should be requested directly from the New York City Police Department's Personnel Bureau, Director of Payroll & Benefits Division, 90 Church Street, 12th Floor, New York, NY 10007.</span>"
"denial","0056","Denied - Refer to Medical Division","<span class=""mceNonEditable"">Dear Sir or Madam:<br /><br />&nbsp;&nbsp;&nbsp;&nbsp;&nbsp;&nbsp;&nbsp;&nbsp;This is in response to your request received by this office on {{ moment(date).format('MMMM D, YYYY') }} in which you requested access to certain records under the New York State Freedom of Information Law (FOIL).<br /><br />&nbsp;&nbsp;&nbsp;&nbsp;&nbsp;&nbsp;&nbsp;&nbsp;In regard to the medical records which you requested, these documents should be requested directly from the New York City Police Department's Medical Division, 1 Lefrak City Plaza, 59-17 Junction Boulevard, Corona, NY 11368.</span>"
"denial","0056","Denied - Endanger (§82(2)(f))","<span class=""mceNonEditable"">Dear Sir or Madam:<br /><br />&nbsp;&nbsp;&nbsp;&nbsp;&nbsp;&nbsp;&nbsp;&nbsp;This is in response to your request received by this office on {{ moment(date).format('MMMM D, YYYY') }} in which you requested access to certain records under the New York State Freedom of Information Law (FOIL).<br /><br />&nbsp;&nbsp;&nbsp;&nbsp;&nbsp;&nbsp;&nbsp;&nbsp;In regard to the documents(s) which you requested. I must deny access to these records on the basis of Public Officers Law Section 87(2)(f) as such records/information would endanger the life or safely of witnesses.<br /><br />&nbsp;&nbsp;&nbsp;&nbsp;&nbsp;&nbsp;&nbsp;&nbsp;You may appeal this decision or any portion thereof. Such an appeal must be made in writing within thirty (30) days of the date of this letter and must be forwarded to: Sergeant Jordan S. Mazur, Records Access Appeals Officer, New York City Police Department, One Police Plaza, Room 1406, New York. NY 10038 or emailed to foilappeals@nypd.org. Please include copies of the FOIL request and this letter with your appeal.</span>"
"denial","0056","Denied - Interrogatory","<span class=""mceNonEditable"">Dear Sir or Madam:<br /><br />&nbsp;&nbsp;&nbsp;&nbsp;&nbsp;&nbsp;&nbsp;&nbsp;This is in response to your request received by this office on {{ moment(date).format('MMMM D, YYYY') }} in which you requested access to certain records under the New York State Freedom of Information Law (FOIL).<br /><br />&nbsp;&nbsp;&nbsp;&nbsp;&nbsp;&nbsp;&nbsp;&nbsp;The Freedom of information Law allows access to documents reasonably described, not answers to interrogatories. Therefore, I am unable to process your request.<br /><br />&nbsp;&nbsp;&nbsp;&nbsp;&nbsp;&nbsp;&nbsp;&nbsp;You may appeal this decision or any portion thereof. Such an appeal must be made in writing within thirty (30) days of the date of this letter and must be forwarded to: Sergeant Jordan S. Mazur, Records Access Appeals Officer, New York City Police Department, One Police Plaza, Room 1406, New York. NY 10038 or emailed to foilappeals@nypd.org. Please include copies of the FOIL request and this letter with your appeal.</span>"
"denial","0056","Denied - No Records Found with Information Provided","<span class=""mceNonEditable"">Dear Sir or Madam:<br /><br />&nbsp;&nbsp;&nbsp;&nbsp;&nbsp;&nbsp;&nbsp;&nbsp;This is in response to your request received by this office on {{ moment(date).format('MMMM D, YYYY') }} in which you requested access to certain records under the New York State Freedom of Information Law (FOIL).<br /><br />&nbsp;&nbsp;&nbsp;&nbsp;&nbsp;&nbsp;&nbsp;&nbsp;In regard to the document(s) which you requested, this unit is unable to locate records responsive to your request based on the information you provided.<br /><br />&nbsp;&nbsp;&nbsp;&nbsp;&nbsp;&nbsp;&nbsp;&nbsp;You may appeal this decision or any portion thereof. Such an appeal must be made in writing within thirty (30) days of the date of this letter and must be forwarded to: Sergeant Jordan S. Mazur, Records Access Appeals Officer, New York City Police Department, One Police Plaza, Room 1406, New York. NY 10038 or emailed to foilappeals@nypd.org. Please include copies of the FOIL request and this letter with your appeal.</span>"
"denial","0056","Denied - Non-Routine Procedures Request","<span class=""mceNonEditable"">Dear Sir or Madam:<br /><br />&nbsp;&nbsp;&nbsp;&nbsp;&nbsp;&nbsp;&nbsp;&nbsp;This is in response to your request received by this office on {{ moment(date).format('MMMM D, YYYY') }} in which you requested access to certain records under the New York State Freedom of Information Law (FOIL).<br /><br />&nbsp;&nbsp;&nbsp;&nbsp;&nbsp;&nbsp;&nbsp;&nbsp;In regard to the documents(s) which you requested, I must deny access to these records on the basis of Public Officers Law Section 87(2)(e)(iv) as such information, if disclosed, would reveal non-routine techniques and procedures.<br /><br />&nbsp;&nbsp;&nbsp;&nbsp;&nbsp;&nbsp;&nbsp;&nbsp;You may appeal this decision or any portion thereof. Such an appeal must be made in writing within thirty (30) days of the date of this letter and must be forwarded to: Sergeant Jordan S. Mazur, Records Access Appeals Officer, New York City Police Department, One Police Plaza, Room 1406, New York. NY 10038 or emailed to foilappeals@nypd.org. Please include copies of the FOIL request and this letter with your appeal.</span>"
"denial","0056","Denied - Not Final Agency Policy / Determination","<span class=""mceNonEditable"">Dear Sir or Madam:<br /><br />&nbsp;&nbsp;&nbsp;&nbsp;&nbsp;&nbsp;&nbsp;&nbsp;This is in response to your request received by this office on {{ moment(date).format('MMMM D, YYYY') }} in which you requested access to certain records under the New York State Freedom of Information Law (FOIL).<br /><br />&nbsp;&nbsp;&nbsp;&nbsp;&nbsp;&nbsp;&nbsp;&nbsp;In regard to the documents(s) which you requested, I must deny access to these records on the basis of Public Officers Law Section 87(2)(g)(iii) as such these records do not represent a final agency determination.<br /><br />&nbsp;&nbsp;&nbsp;&nbsp;&nbsp;&nbsp;&nbsp;&nbsp;You may appeal this decision or any portion thereof. Such an appeal must be made in writing within thirty (30) days of the date of this letter and must be forwarded to: Sergeant Jordan S. Mazur, Records Access Appeals Officer, New York City Police Department, One Police Plaza, Room 1406, New York. NY 10038 or emailed to foilappeals@nypd.org. Please include copies of the FOIL request and this letter with your appeal.</span>"
"denial","0056","Denied - Not Indexed","<span class=""mceNonEditable"">Dear Sir or Madam:<br /><br />&nbsp;&nbsp;&nbsp;&nbsp;&nbsp;&nbsp;&nbsp;&nbsp;This is in response to your request received by this office on {{ moment(date).format('MMMM D, YYYY') }} in which you requested access to certain records under the New York State Freedom of Information Law (FOIL).<br /><br />&nbsp;&nbsp;&nbsp;&nbsp;&nbsp;&nbsp;&nbsp;&nbsp;In regard to the documents(s) which you requested, the Department does not maintain records in the manner you described.<br /><br />&nbsp;&nbsp;&nbsp;&nbsp;&nbsp;&nbsp;&nbsp;&nbsp;You may appeal this decision or any portion thereof. Such an appeal must be made in writing within thirty (30) days of the date of this letter and must be forwarded to: Sergeant Jordan S. Mazur, Records Access Appeals Officer, New York City Police Department, One Police Plaza, Room 1406, New York. NY 10038 or emailed to foilappeals@nypd.org. Please include copies of the FOIL request and this letter with your appeal.</span>"
"denial","0056","Denied - Not Reasonably Described","<span class=""mceNonEditable"">Dear Sir or Madam:<br /><br />&nbsp;&nbsp;&nbsp;&nbsp;&nbsp;&nbsp;&nbsp;&nbsp;This is in response to your request received by this office on {{ moment(date).format('MMMM D, YYYY') }} in which you requested access to certain records under the New York State Freedom of Information Law (FOIL).<br /><br />&nbsp;&nbsp;&nbsp;&nbsp;&nbsp;&nbsp;&nbsp;&nbsp;The Freedom of Information Law allows access to existing documents and does not necessitate the creation of a document. I am unable to provide access to these documents on the basis that your request does not reasonably describe a record in a manner that would enable a search to be conducted by the New York City Police Department.<br /><br />&nbsp;&nbsp;&nbsp;&nbsp;&nbsp;&nbsp;&nbsp;&nbsp;You may appeal this decision or any portion thereof. Such an appeal must be made in writing within thirty (30) days of the date of this letter and must be forwarded to: Sergeant Jordan S. Mazur, Records Access Appeals Officer, New York City Police Department, One Police Plaza, Room 1406, New York. NY 10038 or emailed to foilappeals@nypd.org. Please include copies of the FOIL request and this letter with your appeal.</span>"
"denial","0056","Denied - 50a","<span class=""mceNonEditable"">Dear Sir or Madam:<br /><br />&nbsp;&nbsp;&nbsp;&nbsp;&nbsp;&nbsp;&nbsp;&nbsp;This is in response to your request received by this office on {{ moment(date).format('MMMM D, YYYY') }} in which you requested access to certain records under the New York State Freedom of Information Law (FOIL).<br /><br />&nbsp;&nbsp;&nbsp;&nbsp;&nbsp;&nbsp;&nbsp;&nbsp;In regard to the documents(s) which you requested, I must deny access to these records on the basis of Public Officers Law Section 87(2)(e) and Public Officers Law 87(2)(a), in that such records consist of Police Officer's personnel records and are therefore exempt from disclosure under the provisions of Civil Rights Law Section 50-a.<br /><br />&nbsp;&nbsp;&nbsp;&nbsp;&nbsp;&nbsp;&nbsp;&nbsp;You may appeal this decision or any portion thereof. Such an appeal must be made in writing within thirty (30) days of the date of this letter and must be forwarded to: Sergeant Jordan S. Mazur, Records Access Appeals Officer, New York City Police Department, One Police Plaza, Room 1406, New York. NY 10038 or emailed to foilappeals@nypd.org. Please include copies of the FOIL request and this letter with your appeal.</span>"
"denial","0056","Denied - Personal Privacy Exemption","<span class=""mceNonEditable"">Dear Sir or Madam:<br /><br />&nbsp;&nbsp;&nbsp;&nbsp;&nbsp;&nbsp;&nbsp;&nbsp;This is in response to your request received by this office on {{ moment(date).format('MMMM D, YYYY') }} in which you requested access to certain records under the New York State Freedom of Information Law (FOIL).<br /><br />&nbsp;&nbsp;&nbsp;&nbsp;&nbsp;&nbsp;&nbsp;&nbsp;In regard to the documents(s) which you requested, I must deny access to these records on the basis of Public Officers Law Section 87(2)(b) as such information, if disclosed, would constitute an unwarranted invasion of personal privacy.<br /><br />&nbsp;&nbsp;&nbsp;&nbsp;&nbsp;&nbsp;&nbsp;&nbsp;You may appeal this decision or any portion thereof. Such an appeal must be made in writing within thirty (30) days of the date of this letter and must be forwarded to: Sergeant Jordan S. Mazur, Records Access Appeals Officer, New York City Police Department, One Police Plaza, Room 1406, New York. NY 10038 or emailed to foilappeals@nypd.org. Please include copies of the FOIL request and this letter with your appeal.</span>"
"denial","0056","Denied - Refer to Division of Criminal Justice Services","<span class=""mceNonEditable"">Dear Sir or Madam:<br /><br />&nbsp;&nbsp;&nbsp;&nbsp;&nbsp;&nbsp;&nbsp;&nbsp;This is in response to your request received by this office on {{ moment(date).format('MMMM D, YYYY') }} in which you requested access to certain records under the New York State Freedom of Information Law (FOIL).<br /><br />&nbsp;&nbsp;&nbsp;&nbsp;&nbsp;&nbsp;&nbsp;&nbsp;The Freedom of Information Law allows access to documents reasonably described, not answer to interrogatories. Therefore, I am unable to answer your interrogatory regarding criminal histories. However, the information you seek may be available from the New York State Division of Criminal Justice Services, Alfred E. Smith Building, 80 South Swan St., Albany, NY 12210.<br /><br />&nbsp;&nbsp;&nbsp;&nbsp;&nbsp;&nbsp;&nbsp;&nbsp;You may appeal this decision or any portion thereof. Such an appeal must be made in writing within thirty (30) days of the date of this letter and must be forwarded to: Sergeant Jordan S. Mazur, Records Access Appeals Officer, New York City Police Department, One Police Plaza, Room 1406, New York. NY 10038 or emailed to foilappeals@nypd.org. Please include copies of the FOIL request and this letter with your appeal.</span>"
"denial","0056","Denied - Refer to FDNY","<span class=""mceNonEditable"">Dear Sir or Madam:<br /><br />&nbsp;&nbsp;&nbsp;&nbsp;&nbsp;&nbsp;&nbsp;&nbsp;This is in response to your request received by this office on {{ moment(date).format('MMMM D, YYYY') }} in which you requested access to certain records under the New York State Freedom of Information Law (FOIL).<br /><br />&nbsp;&nbsp;&nbsp;&nbsp;&nbsp;&nbsp;&nbsp;&nbsp;In regard to the document(s) which you requested, I am unable to provide access to these records, for these records are not in the possession, custody, or control of this Department. It appears the document(s) you requested may be available from the New York City Fire Department.<br /><br />&nbsp;&nbsp;&nbsp;&nbsp;&nbsp;&nbsp;&nbsp;&nbsp;You may appeal this decision or any portion thereof. Such an appeal must be made in writing within thirty (30) days of the date of this letter and must be forwarded to: Sergeant Jordan S. Mazur, Records Access Appeals Officer, New York City Police Department, One Police Plaza, Room 1406, New York. NY 10038 or emailed to foilappeals@nypd.org. Please include copies of the FOIL request and this letter with your appeal.</span>"
"denial","0056","Denied - Sealed Record","<span class=""mceNonEditable"">Dear Sir or Madam:<br /><br />&nbsp;&nbsp;&nbsp;&nbsp;&nbsp;&nbsp;&nbsp;&nbsp;This is in response to your request received by this office on {{ moment(date).format('MMMM D, YYYY') }} in which you requested access to certain records under the New York State Freedom of Information Law (FOIL).<br /><br />&nbsp;&nbsp;&nbsp;&nbsp;&nbsp;&nbsp;&nbsp;&nbsp;I must deny access to the records you requested on the basis of Public Officers Law Section 87(2)(a). These records are sealed under court order, pursuant to Criminal Procedure Law Section 160.50 and can only be requested by the arrested person or their representative.<br /><br />&nbsp;&nbsp;&nbsp;&nbsp;&nbsp;&nbsp;&nbsp;&nbsp;In order to release these records, this unit must receive a notarized affidavit from the arrested person or their representative within thirty (30) days of the date of this letter, addressed to the attention of {{ user.title }} {{ user.last_name }} ({{ user.formatted_point_of_contact_number }}), who has been assigned to handle your case. Failure to do so will result in this file being CLOSED.<br /><br />&nbsp;&nbsp;&nbsp;&nbsp;&nbsp;&nbsp;&nbsp;&nbsp;You must notify this unit of any changes to address. Failure to do so will render this unit unable to give you the document(s) you requested.</span>"
"denial","0056","Denied - 50b","<span class=""mceNonEditable"">Dear Sir or Madam:<br /><br />&nbsp;&nbsp;&nbsp;&nbsp;&nbsp;&nbsp;&nbsp;&nbsp;This is in response to your request received by this office on {{ moment(date).format('MMMM D, YYYY') }} in which you requested access to certain records under the New York State Freedom of Information Law (FOIL).<br /><br />&nbsp;&nbsp;&nbsp;&nbsp;&nbsp;&nbsp;&nbsp;&nbsp;The documents you requested are protected under section 50(b) of the New York Civil Rights Law, it is therefore necessary to deny access to these records. In order to release these records, this unit must receive a notarized affidavit from the victim, within thirty (30) days of the date of this letter, addressed to the attention of {{ user.title }} {{ user.last_name }} ({{ user.formatted_point_of_contact_number }}), who has been assigned to handle your case. Failure to do so will result in this file being CLOSED. You must notify this unit of any change of address. Failure to do so will render this unit unable to give you the documents(s) you requested.<br /><br />&nbsp;&nbsp;&nbsp;&nbsp;&nbsp;&nbsp;&nbsp;&nbsp;You may appeal this decision or any portion thereof. Such an appeal must be made in writing within thirty (30) days of the date of this letter and must be forwarded to: Sergeant Jordan S. Mazur, Records Access Appeals Officer, New York City Police Department, One Police Plaza, Room 1406, New York. NY 10038 or emailed to foilappeals@nypd.org. Please include copies of the FOIL request and this letter with your appeal.</span>"
"denial","0056","Denied - Too Broad","<span class=""mceNonEditable"">Dear Sir or Madam:<br /><br />&nbsp;&nbsp;&nbsp;&nbsp;&nbsp;&nbsp;&nbsp;&nbsp;This is in response to your request received by this office on {{ moment(date).format('MMMM D, YYYY') }} in which you requested access to certain records under the New York State Freedom of Information Law (FOIL).<br /><br />&nbsp;&nbsp;&nbsp;&nbsp;&nbsp;&nbsp;&nbsp;&nbsp;In regard to the document(s) which you requested, I must deny access to the records on the basis that your request is too broad in nature and does not describe a specific document.<br /><br />&nbsp;&nbsp;&nbsp;&nbsp;&nbsp;&nbsp;&nbsp;&nbsp;You must provide this information to this unit within thirty (30) days of the date of this letter, addressed to the attention of {{ user.title }} {{ user.last_name }} ({{ user.formatted_point_of_contact_number }}), who has been assigned to your case. Failure to do so will result in this file being CLOSED.<br /><br />&nbsp;&nbsp;&nbsp;&nbsp;&nbsp;&nbsp;&nbsp;&nbsp;You may appeal this decision or any portion thereof. Such an appeal must be made in writing within thirty (30) days of the date of this letter and must be forwarded to: Sergeant Jordan S. Mazur, Records Access Appeals Officer, New York City Police Department, One Police Plaza, Room 1406, New York. NY 10038 or emailed to foilappeals@nypd.org. Please include copies of the FOIL request and this letter with your appeal.</span>"
"denial","0056","Denied - Unreadable","<span class=""mceNonEditable"">Dear Sir or Madam:<br /><br />&nbsp;&nbsp;&nbsp;&nbsp;&nbsp;&nbsp;&nbsp;&nbsp;This is in response to your request received on {{ moment(date).format('MMMM D, YYYY') }}. Your correspondence is being returned to you because it is illegible. A copy of your correspondence will be kept on file with this office. It has been assigned file # {{ request_id }}. Please send us a legible version of your correspondence so that we can respond accordingly.</span>"
"denial","0056","Denied - Active Judicial (§87(2)(e)(i))","<span class=""mceNonEditable"">Dear Sir or Madam:<br /><br />&nbsp;&nbsp;&nbsp;&nbsp;&nbsp;&nbsp;&nbsp;&nbsp;This is in response to your request received by this office on {{ moment(date).format('MMMM D, YYYY') }} in which you requested access to certain records under the New York State Freedom of Information Law (FOIL).<br /><br />&nbsp;&nbsp;&nbsp;&nbsp;&nbsp;&nbsp;&nbsp;&nbsp;In regard to the document(s) which you requested, I must deny access to these records on the basis of Public Officers Law Section 87(2)(e)(i) as such records/information, if disclosed would interfere with law enforcement investigations or judicial proceedings.<br /><br />&nbsp;&nbsp;&nbsp;&nbsp;&nbsp;&nbsp;&nbsp;&nbsp;You may appeal this decision or any portion thereof. Such an appeal must be made in writing within thirty (30) days of the date of this letter and must be forwarded to: Sergeant Jordan S. Mazur, Records Access Appeals Officer, New York City Police Department, One Police Plaza, Room 1406, New York. NY 10038 or emailed to foilappeals@nypd.org. Please include copies of the FOIL request and this letter with your appeal.</span>"
"denial","0056","Denied - §87(2)(h)(i)","<span class=""mceNonEditable"">Dear Sir or Madam:<br /><br />&nbsp;&nbsp;&nbsp;&nbsp;&nbsp;&nbsp;&nbsp;&nbsp;This is in response to your request received by this office on {{ moment(date).format('MMMM D, YYYY') }} in which you requested access to certain records under the New York State Freedom of Information Law (FOIL).<br /><br />&nbsp;&nbsp;&nbsp;&nbsp;&nbsp;&nbsp;&nbsp;&nbsp;In regard to the document(s) which you requested, I must deny access to these records on the basis of Public Officers Law Section 87(2)(h) as such records/information are examination questions or answers which are requested prior to the final administration of such questions.<br /><br />&nbsp;&nbsp;&nbsp;&nbsp;&nbsp;&nbsp;&nbsp;&nbsp;You may appeal this decision or any portion thereof. Such an appeal must be made in writing within thirty (30) days of the date of this letter and must be forwarded to: Sergeant Jordan S. Mazur, Records Access Appeals Officer, New York City Police Department, One Police Plaza, Room 1406, New York. NY 10038 or emailed to foilappeals@nypd.org. Please include copies of the FOIL request and this letter with your appeal.</span>"
"denial","0056","Denied - Kingsland Letter","<span class=""mceNonEditable"">Dear Sir or Madam:<br /><br />&nbsp;&nbsp;&nbsp;&nbsp;&nbsp;&nbsp;&nbsp;&nbsp;This is in response to your request received by this office on {{ moment(date).format('MMMM D, YYYY') }} in which you requested access to certain records under the New York State Freedom of Information Law (FOIL).<br /><br />&nbsp;&nbsp;&nbsp;&nbsp;&nbsp;&nbsp;&nbsp;&nbsp;At this time I must deny your request. The facility that houses the records you seek sustained severe damage during Hurricane Sandy, therefore, the requisite search for such records is precluded at the current time. However, this denial will not act to prejudice any future request you may make for the same records once the facility becomes accessible.<br /><br />&nbsp;&nbsp;&nbsp;&nbsp;&nbsp;&nbsp;&nbsp;&nbsp;You may appeal this decision or any portion thereof. Such an appeal must be made in writing within thirty (30) days of the date of this letter and must be forwarded to: Sergeant Jordan S. Mazur, Records Access Appeals Officer, New York City Police Department, One Police Plaza, Room 1406, New York. NY 10038 or emailed to foilappeals@nypd.org. Please include copies of the FOIL request and this letter with your appeal.</span>"
"denial","0056","Denied - ICCU","<span class="" mceNonEditable "">Dear Sir or Madam: <br /> <br />&nbsp;&nbsp;&nbsp;&nbsp;&nbsp;&nbsp;&nbsp;&nbsp;This is in response to your request received by this office on {{ moment(request.date).format('MMMM D, YYYY') }} in which you requested access to certain records under the New York State Freedom of Information Law (FOIL). <br /> <br />&nbsp;&nbsp;&nbsp;&nbsp;&nbsp;&nbsp;&nbsp;&nbsp;In regard to the records you requested, these documents should be requested directly from the Inter City Correspondence Unit (ICCU), Room 814, One Police Plaza, New York, NY 10038, email: ICCU@NYPD.org</span>"
"denial","0056","Denied - Intra-Agency","<span class="" mceNonEditable "">Dear Sir or Madam: <br /> <br />&nbsp;&nbsp;&nbsp;&nbsp;&nbsp;&nbsp;&nbsp;&nbsp;This is in response to your request received by this office on {{ moment(date).format('MMMM D, YYYY') }} in which you requested access to certain records under the New York State Freedom of Information Law (FOIL). <br /> <br />&nbsp;&nbsp;&nbsp;&nbsp;&nbsp;&nbsp;&nbsp;&nbsp;In regard to the document(s) which you requested, I must deny access to these records on the basis of Public Officers Law section 87(2)(g)(iii) as such records/information are inter-agency or intra-agency materials which are not final agency policy or determinations. <br /> <br />&nbsp;&nbsp;&nbsp;&nbsp;&nbsp;&nbsp;&nbsp;&nbsp;You may appeal this decision or any portion thereof. Such an appeal must be made in writing within thirty (30) days of the date of this letter and must be forwarded to: Sergeant Jordan S. Mazur, Records Access Appeals Officer, New York City Police Department, One Police Plaza, Room 1406, New York. NY 10038 or emailed to foilappeals@nypd.org. Please include copies of the FOIL request and this letter with your appeal.</span>"
"denial","0056","Denied - Refer to Agency (Blank)","<span class="" mceNonEditable "">Dear Sir or Madam: <br /> <br />&nbsp;&nbsp;&nbsp;&nbsp;&nbsp;&nbsp;&nbsp;&nbsp;This is in response to your request received by this office on {{ moment(date).format('MMMM D, YYYY') }} in which you requested access to certain records under the New York State Freedom of Information Law (FOIL). <br /> <br />&nbsp;&nbsp;&nbsp;&nbsp;&nbsp;&nbsp;&nbsp;&nbsp;In regard to the document(s) which you requested, I am unable to provide access to these records, for these records are not in the possession, custody, or control of this Department. It appears the document(s) you requested may be available from </span><span class="" mceNonEditable ""></span>______________________________<span class="" mceNonEditable ""></span><span class="" mceNonEditable ""> <br /> <br />&nbsp;&nbsp;&nbsp;&nbsp;&nbsp;&nbsp;&nbsp;&nbsp;You may appeal this decision or any portion thereof. Such an appeal must be made in writing within thirty (30) days of the date of this letter and must be forwarded to: Sergeant Jordan S. Mazur, Records Access Appeals Officer, New York City Police Department, One Police Plaza, Room 1406, New York. NY 10038 or emailed to foilappeals@nypd.org. Please include copies of the FOIL request and this letter with your appeal.</span>"
"denial","0056","Denied - Refer to Dept. of Corrections","<span class="" mceNonEditable "">Dear Sir or Madam: <br /> <br />&nbsp;&nbsp;&nbsp;&nbsp;&nbsp;&nbsp;&nbsp;&nbsp;This is in response to your request received by this office on {{ moment(date).format('MMMM D, YYYY') }} in which you requested access to certain records under the New York State Freedom of Information Law (FOIL). <br /> <br />&nbsp;&nbsp;&nbsp;&nbsp;&nbsp;&nbsp;&nbsp;&nbsp;In regard to the document(s) which you requested, I am unable to provide access to these records, for these records are not in the possession, custody, or control of this Department. It appears the document(s) you requested may be available from the New York City Department of Corrections. <br /> <br />&nbsp;&nbsp;&nbsp;&nbsp;&nbsp;&nbsp;&nbsp;&nbsp;You may appeal this decision or any portion thereof. Such an appeal must be made in writing within thirty (30) days of the date of this letter and must be forwarded to: Sergeant Jordan S. Mazur, Records Access Appeals Officer, New York City Police Department, One Police Plaza, Room 1406, New York. NY 10038 or emailed to foilappeals@nypd.org. Please include copies of the FOIL request and this letter with your appeal.</span>"
"denial","0056","Denied - Refer to Dept. of Transportation","<span class="" mceNonEditable "">Dear Sir or Madam: <br /> <br />&nbsp;&nbsp;&nbsp;&nbsp;&nbsp;&nbsp;&nbsp;&nbsp;This is in response to your request received by this office on {{ moment(date).format('MMMM D, YYYY') }} in which you requested access to certain records under the New York State Freedom of Information Law (FOIL). <br /> <br />&nbsp;&nbsp;&nbsp;&nbsp;&nbsp;&nbsp;&nbsp;&nbsp;In regard to the document(s) which you requested, I am unable to provide access to these records, for these records are not in the possession, custody, or control of this Department. It appears the document(s) you requested may be available from the New York City Department of Transportation. <br /> <br />&nbsp;&nbsp;&nbsp;&nbsp;&nbsp;&nbsp;&nbsp;&nbsp;You may appeal this decision or any portion thereof. Such an appeal must be made in writing within thirty (30) days of the date of this letter and must be forwarded to: Sergeant Jordan S. Mazur, Records Access Appeals Officer, New York City Police Department, One Police Plaza, Room 1406, New York. NY 10038 or emailed to foilappeals@nypd.org. Please include copies of the FOIL request and this letter with your appeal.</span>"
"closing","0056","Closed - CIS Letter","<span class=""mceNonEditable"">Dear Sir or Madam:<br /><br />&nbsp;&nbsp;&nbsp;&nbsp;&nbsp;&nbsp;&nbsp;&nbsp;This letter is in further response to your letter dated {{ moment(date).format('MMMM D, YYYY') }} in which you requested access to NYPD records of an accident investigation pursuant to the N.Y. Public Officers Law § 84 et seq., also known as the Freedom of Information Law (""FOIL"").<br /><br />&nbsp;&nbsp;&nbsp;&nbsp;&nbsp;&nbsp;&nbsp;&nbsp;Because you and/or your client have demonstrated that you have an interest in the subject accident, §66-a of the Public Officers Law, rather than FOIL, governs the extent of disclosure that is available to you, and affords you greater access than could be obtained under FOIL.<br /><br />&nbsp;&nbsp;&nbsp;&nbsp;&nbsp;&nbsp;&nbsp;&nbsp;Accordingly, the records that you requested are enclosed.<br /><br />&nbsp;&nbsp;&nbsp;&nbsp;&nbsp;&nbsp;&nbsp;&nbsp;You may appeal this decision or any portion thereof. Such an appeal must be made in writing within thirty (30) days of the date of this letter and must be forwarded to: Sergeant Jordan S. Mazur, Records Access Appeals Officer, New York City Police Department, One Police Plaza, Room 1406, New York. NY 10038 or emailed to foilappeals@nypd.org. Please include copies of the FOIL request and this letter with your appeal.</span>"
"closing","0056","Closed - CIS Letter CD-DVD","<span class=""mceNonEditable"">Dear Sir or Madam:<br /><br />&nbsp;&nbsp;&nbsp;&nbsp;&nbsp;&nbsp;&nbsp;&nbsp;This letter is in further response to your letter dated {{ moment(date).format('MMMM D, YYYY') }} in which you requested access to NYPD records of an accident investigation pursuant to the N.Y. Public Officers Law § 84 et seq., also known as the Freedom of Information Law (""FOIL"").<br /><br />&nbsp;&nbsp;&nbsp;&nbsp;&nbsp;&nbsp;&nbsp;&nbsp;Because you and/or your client have demonstrated that you have an interest in the subject accident, §66-a of the Public Officers Law, rather than FOIL, governs the extent of disclosure that is available to you, and affords you greater access than could be obtained under FOIL.<br /><br />&nbsp;&nbsp;&nbsp;&nbsp;&nbsp;&nbsp;&nbsp;&nbsp;Accordingly, the records that you requested have been saved to the enclosed CD/DVD-ROM.<br /><br />&nbsp;&nbsp;&nbsp;&nbsp;&nbsp;&nbsp;&nbsp;&nbsp;You may appeal this decision or any portion thereof. Such an appeal must be made in writing within thirty (30) days of the date of this letter and must be forwarded to: Sergeant Jordan S. Mazur, Records Access Appeals Officer, New York City Police Department, One Police Plaza, Room 1406, New York. NY 10038 or emailed to foilappeals@nypd.org. Please include copies of the FOIL request and this letter with your appeal.</span>"
"closing","0056","Closed - CIS Letter (Redacted)","<span class=""mceNonEditable"">Dear Sir or Madam:<br /><br />&nbsp;&nbsp;&nbsp;&nbsp;&nbsp;&nbsp;&nbsp;&nbsp;This letter is in further response to your letter dated {{ moment(date).format('MMMM D, YYYY') }} in which you requested access to NYPD records of an accident investigation pursuant to the N.Y. Public Officers Law § 84 et seq., also known as the Freedom of Information Law (""FOIL"").<br /><br />&nbsp;&nbsp;&nbsp;&nbsp;&nbsp;&nbsp;&nbsp;&nbsp;Because you and/or your client have demonstrated that you have an interest in the subject accident, §66-a of the Public Officers Law, rather than FOIL, governs the extent of disclosure that is available to you, and affords you greater access than could be obtained under FOIL.<br /><br />&nbsp;&nbsp;&nbsp;&nbsp;&nbsp;&nbsp;&nbsp;&nbsp;Accordingly, the records that you requested are enclosed. Please note that if the case folder contained records that did not directly pertain to the accident, such records are not included in the enclosed document(s)<br /><br />&nbsp;&nbsp;&nbsp;&nbsp;&nbsp;&nbsp;&nbsp;&nbsp;You may appeal this decision or any portion thereof. Such an appeal must be made in writing within thirty (30) days of the date of this letter and must be forwarded to: Sergeant Jordan S. Mazur, Records Access Appeals Officer, New York City Police Department, One Police Plaza, Room 1406, New York. NY 10038 or emailed to foilappeals@nypd.org. Please include copies of the FOIL request and this letter with your appeal.</span>"
"closing","0056","Closed - CIS Letter CD-DVD (Redacted)","<span class=""mceNonEditable"">Dear Sir or Madam:<br /><br />&nbsp;&nbsp;&nbsp;&nbsp;&nbsp;&nbsp;&nbsp;&nbsp;This letter is in further response to your letter dated {{ moment(date).format('MMMM D, YYYY') }} in which you requested access to NYPD records of an accident investigation pursuant to the N.Y. Public Officers Law § 84 et seq., also known as the Freedom of Information Law (""FOIL"").<br /><br />&nbsp;&nbsp;&nbsp;&nbsp;&nbsp;&nbsp;&nbsp;&nbsp;Because you and/or your client have demonstrated that you have an interest in the subject accident, §66-a of the Public Officers Law, rather than FOIL, governs the extent of disclosure that is available to you, and affords you greater access than could be obtained under FOIL.<br /><br />&nbsp;&nbsp;&nbsp;&nbsp;&nbsp;&nbsp;&nbsp;&nbsp;Accordingly, the records that you request have been saved to the enclosed CD/DVD-ROM. Please note that if the case folder contained records that did not directly pertain to the accident, such records are not included in the enclosed CD/DVD-ROM<br /><br />&nbsp;&nbsp;&nbsp;&nbsp;&nbsp;&nbsp;&nbsp;&nbsp;You may appeal this decision or any portion thereof. Such an appeal must be made in writing within thirty (30) days of the date of this letter and must be forwarded to: Sergeant Jordan S. Mazur, Records Access Appeals Officer, New York City Police Department, One Police Plaza, Room 1406, New York. NY 10038 or emailed to foilappeals@nypd.org. Please include copies of the FOIL request and this letter with your appeal.</span>"
"closing","0056","Closed - CIS Determination Letter","<span class=""mceNonEditable"">Dear Sir or Madam:<br/><br/>&nbsp;&nbsp;&nbsp;&nbsp;&nbsp;&nbsp;&nbsp;&nbsp;This letter is in further response to your letter dated {{ moment(date).format('MMMM D, YYYY') }} in which you requested access to NYPD records of an accident investigation pursuant to the N.Y. Public Officers Law § 84 et seq., also known as the Freedom of Information Law (""FOIL"").<br/><br/>&nbsp;&nbsp;&nbsp;&nbsp;&nbsp;&nbsp;&nbsp;&nbsp;Because you and/or your client have demonstrated that you have an interest in the subject accident, §66-a of the Public Officers Law, rather than FOIL, governs the extent of disclosure that is available to you, and affords you greater access than could be obtained under FOIL.<br/><br/>&nbsp;&nbsp;<img src=""{{ url_for('static', filename='img/checkbox.png') }}"">&nbsp;&nbsp;In total, </span><span class=""mceEditable"">_____</span><span class=""mceNonEditable""> page(s) have been accessed<br/>&nbsp;&nbsp;<img src=""{{ url_for('static', filename='img/checkbox.png') }}"">&nbsp;&nbsp;The requested documents are enclosed with this letter.<br/>&nbsp;&nbsp;<img src=""{{ url_for('static', filename='img/checkbox.png') }}"">&nbsp;&nbsp;The case folder contained records that did not directly pertain to the accident.<br/>&nbsp;&nbsp;<img src=""{{ url_for('static', filename='img/checkbox.png') }}"">&nbsp;&nbsp;</span><span class=""mceEditable"">_____</span><span class=""mceNonEditable""> CD/DVD-ROM(s) have been copied.<br/>&nbsp;&nbsp;<img src=""{{ url_for('static', filename='img/checkbox.png') }}"">&nbsp;&nbsp;The case folder contained records that did not directly pertain to the accident. Such records are not included in the enclosed CD/DVD-ROM.<br/>&nbsp;&nbsp;<img src=""{{ url_for('static', filename='img/checkbox.png') }}"">&nbsp;&nbsp;Please remit payment in the amount of $</span><span class=""mceEditable"">__________</span><span class=""mceNonEditable"">. Once payment is received, I will send you your requested document(s) and/or CD/DVD-ROM(s)<br/></span><span class=""mceNonEditable""><div class=""mceNonEditable"" style=""text-align: center""><strong>PAYMENT PROCEDURE</strong><br/><div class=""mceNonEditable"" style=""border: 2px solid black; padding-left: 10px; padding-right: 10px;"">Send check or money order (no cash) payable to the <strong>""New York City Police Department""</strong><br/>Mail payment to:<br/>New York Police Department, F.O.I.L. Unit, Room 110C, One Police Plaza, New York, NY 10038<br/><strong>Note: Please include the FOIL number on the check or money order</strong></div></div><div class=""mceNonEditable"" style=""text-align: center""><strong>APPEAL PROCEDURE</strong><br/><div class=""mceNonEditable"" style=""border: 2px solid black; padding-left: 10px; padding-right: 10px;"">Should you so desire, you may appeal this decision or any portion thereof. Such an appeal must be made in writing, within thirty (30) days of the date of this letter, and must be forwarded to:<br/>Sergeant Jordan S. Mazur, Records Appeals Officer, New York City Police Department, One Police Plaza, Room 1406, New York, NY 10038<br/>Pl or emailed to foilappeals@nypd.orgease include copies of the FOIL request and this letter with your appeal.</div></div></span>"
"closing","0056","Closed - Final Top","<span class=""mceNonEditable"">Dear Sir or Madam:<br/><br/>&nbsp;&nbsp;&nbsp;&nbsp;&nbsp;&nbsp;&nbsp;&nbsp;This letter is in response to your request received by this office on {{ moment(date).format('MMMM D, YYYY') }} in which you requested access to certain records under the New York State Freedom of Information Law (FOIL).<br/><br/>&nbsp;&nbsp;&nbsp;&nbsp;&nbsp;&nbsp;&nbsp;&nbsp;The following captions, if checked, pertain to your request:<br/><br>&nbsp;&nbsp;<img src=""{{ url_for('static', filename='img/checkbox.png') }}"">&nbsp;&nbsp;Responsive to your request, the following document(s) have been accessed and photocopied:</span><span class=""mceEditable""><div></div></span><span class=""mceNonEditable""><br/>&nbsp;&nbsp;<img src=""{{ url_for('static', filename='img/checkbox.png') }}"">&nbsp;&nbsp;Redactions have been made to the document(s) in that the release of such information would represent an unwarranted invasion of person privacy {§87.2 (b)}.<br/>&nbsp;&nbsp;<img src=""{{ url_for('static', filename='img/checkbox.png') }}"">&nbsp;&nbsp;Redactions have been made to the document(s) in that the release of such information would endanger the life and safety of any person {§87.2 (f)}.<br/>&nbsp;&nbsp;<img src=""{{ url_for('static', filename='img/checkbox.png') }}"">&nbsp;&nbsp;Redactions have been made to the document(s) in that the release of such information would reveal non-routine investigative techniques {§87.2 (e)(iv)}.<br/>&nbsp;&nbsp;<img src=""{{ url_for('static', filename='img/checkbox.png') }}"">&nbsp;&nbsp;Redactions have been made to the document(s) in that the release of such information does not represent final agency determination {§87.2 (g)(iii)}.<br/>&nbsp;&nbsp;<img src=""{{ url_for('static', filename='img/checkbox.png') }}"">&nbsp;&nbsp;Redactions have been made to the document(s) in that the release of such information would identify confidential source/confidential information {§87.2 (e)(iii)}<br/>&nbsp;&nbsp;<img src=""{{ url_for('static', filename='img/checkbox.png') }}"">&nbsp;&nbsp;Based on the information you provided, this unit conducted a diligent search for the following requested document(s) which could not be found:<br/></span><span class=""mceEditable""><div></div></span><span class=""mceNonEditable""><br/>&nbsp;&nbsp;<img src=""{{ url_for('static', filename='img/checkbox.png') }}"">&nbsp;&nbsp;For the following requested item(s), I must refer you to the appropriate agency/agencies or unit that may be in possession of such documents:</span><span class=""mceEditable""><div></div></span><span class=""mceNonEditable""><br/>&nbsp;&nbsp;<img src=""{{ url_for('static', filename='img/checkbox.png') }}"">&nbsp;&nbsp;In total, </span><span class=""mceEditable"">_____</span><span class=""mceNonEditable""> page(s) have been copied. Please remit payment in the amount of $</span><span class=""mceEditable"">__________</span><span class=""mceNonEditable""> within thirty (30) days. Failure to do so will result in this file being CLOSED.<br/>&nbsp;&nbsp;<img src=""{{ url_for('static', filename='img/checkbox.png') }}"">&nbsp;&nbsp;The case folder contained records that did not directly pertain to the accident. Such records are not included in the enclosed CD/DVD-ROM.<br/>&nbsp;&nbsp;&nbsp;&nbsp;&nbsp;&nbsp;&nbsp;&nbsp;<img src=""{{ url_for('static', filename='img/checkbox.png') }}"">&nbsp;&nbsp;The requested documents are enclosed with this letter.<br/>&nbsp;&nbsp;&nbsp;&nbsp;&nbsp;&nbsp;&nbsp;&nbsp;<img src=""{{ url_for('static', filename='img/checkbox.png') }}"">&nbsp;&nbsp;Upon receipt of payment, the requested documents will be mailed.</span><br/><span class=""mceNonEditable""><div class=""mceNonEditable"" style=""text-align: center""><strong>PAYMENT PROCEDURE</strong><br/><div class=""mceNonEditable"" style=""border: 2px solid black; padding-left: 10px; padding-right: 10px;"">Send check or money order (no cash) payable to the <strong>""New York City Police Department""</strong><br/>Mail payment to:<br/>New York Police Department, F.O.I.L. Unit, Room 110C, One Police Plaza, New York, NY 10038<br/><strong>Note: Please include the FOIL number on the check or money order</strong></div></div><div class=""mceNonEditable"" style=""text-align: center""><strong>APPEAL PROCEDURE</strong><br/><div class=""mceNonEditable"" style=""border: 2px solid black; padding-left: 10px; padding-right: 10px;"">Should you so desire, you may appeal this decision or any portion thereof. Such an appeal must be made in writing, within thirty (30) days of the date of this letter, and must be forwarded to:<br/>Sergeant Jordan S. Mazur, Records Appeals Officer, New York City Police Department, One Police Plaza, Room 1406, New York, NY 10038<br/>Pl or emailed to foilappeals@nypd.orgease include copies of the FOIL request and this letter with your appeal.</div></div></span>"
"closing","0056","Closed - Short Final","<span class=""mceNonEditable"">Dear Sir or Madam:<br/><br/>&nbsp;&nbsp;&nbsp;&nbsp;&nbsp;&nbsp;&nbsp;&nbsp;This letter is in response to your request received by this office on {{ moment(date).format('MMMM D, YYYY') }} in which you requested access to certain records under the New York State Freedom of Information Law (FOIL).<br/><br/>&nbsp;&nbsp;<img src=""{{ url_for('static', filename='img/checkbox.png') }}"">&nbsp;&nbsp;Responsive to your request, the following document(s) have been accessed and photocopied:</span><span class=""mceEditable""><div></div></span><span class=""mceNonEditable""><br/>&nbsp;&nbsp;<img src=""{{ url_for('static', filename='img/checkbox.png') }}"">&nbsp;&nbsp;Redactions have been made to the document(s) in that the release of such information would represent an unwarranted invasion of person privacy and would endanger the life and safety of any person {§87.2 (b) and (f)}.<br/>&nbsp;&nbsp;<img src=""{{ url_for('static', filename='img/checkbox.png') }}"">&nbsp;&nbsp;For the following requested item(s), I must refer you to the appropriate agency/agencies or unit that may be in possession of such documents:</span><span class=""mceEditable""><div></div></span><span class=""mceNonEditable""><br/>&nbsp;&nbsp;<img src=""{{ url_for('static', filename='img/checkbox.png') }}"">&nbsp;&nbsp;In total, </span><span class=""mceEditable"">_____</span><span class=""mceNonEditable""> page(s) have been copied. Please remit payment in the amount of $</span><span class=""mceEditable"">__________</span><span class=""mceNonEditable""> within thirty (30) days. Failure to do so will result in this file being CLOSED.<br/>&nbsp;&nbsp;<img src=""{{ url_for('static', filename='img/checkbox.png') }}"">&nbsp;&nbsp;The case folder contained records that did not directly pertain to the accident. Such records are not included in the enclosed CD/DVD-ROM.<br/>&nbsp;&nbsp;&nbsp;&nbsp;&nbsp;&nbsp;&nbsp;&nbsp;<img src=""{{ url_for('static', filename='img/checkbox.png') }}"">&nbsp;&nbsp;The requested documents are enclosed with this letter.<br/>&nbsp;&nbsp;&nbsp;&nbsp;&nbsp;&nbsp;&nbsp;&nbsp;<img src=""{{ url_for('static', filename='img/checkbox.png') }}"">&nbsp;&nbsp;Upon receipt of payment, the requested documents will be mailed.</span><br/><span class=""mceNonEditable""><div class=""mceNonEditable"" style=""text-align: center""><strong>PAYMENT PROCEDURE</strong><br/><div class=""mceNonEditable"" style=""border: 2px solid black; padding-left: 10px; padding-right: 10px;"">Send check or money order (no cash) payable to the <strong>""New York City Police Department""</strong><br/>Mail payment to:<br/>New York Police Department, F.O.I.L. Unit, Room 110C, One Police Plaza, New York, NY 10038<br/><strong>Note: Please include the FOIL number on the check or money order</strong></div></div><div class=""mceNonEditable"" style=""text-align: center""><strong>APPEAL PROCEDURE</strong><br/><div class=""mceNonEditable"" style=""border: 2px solid black; padding-left: 10px; padding-right: 10px;"">Should you so desire, you may appeal this decision or any portion thereof. Such an appeal must be made in writing, within thirty (30) days of the date of this letter, and must be forwarded to:<br/>Sergeant Jordan S. Mazur, Records Appeals Officer, New York City Police Department, One Police Plaza, Room 1406, New York, NY 10038<br/>Pl or emailed to foilappeals@nypd.orgease include copies of the FOIL request and this letter with your appeal.</div></div></span>"
"extension","0056","Extended - CIS","<span class=""mceNonEditable"">Dear Sir or Madam:<br /><br />&nbsp;&nbsp;&nbsp;&nbsp;&nbsp;&nbsp;&nbsp;&nbsp;This is in response to your request received by this office on {{ moment(date).format('MMMM D, YYYY') }} in which you requested access to certain records under the New York State Freedom of Information Law (FOIL).<br /><br />&nbsp;&nbsp;&nbsp;&nbsp;&nbsp;&nbsp;&nbsp;&nbsp;Before a determination can be rendered, further review is necessary to assess the potential applicability of exemptions set forth in FOIIL, and whether the records can be located. I estimate that this review will be completed, and a determination issued by {{ moment(due_date).format('MMMM D, YYYY') }}. As your request seeks the disclosure of accident records, you may be granted access to these records under POL §66-a, by contacting the NYPD's Collision Investigation Squad (CIS) directly. If you would like to contact CIS directly, I have enclosed forms PD 301-162 and PD 301-165, which should be completed in accordance with the instructions provided therein and submitted to the address stated on each form.<br /><br />&nbsp;&nbsp;&nbsp;&nbsp;&nbsp;&nbsp;&nbsp;&nbsp;If you choose to pursue your request under FOIL, please notify this office within 30 days of the date of this letter. If you fail to do so, your FOIL request will be deemed closed. This is not a denial of the records you requested. Should your request be denied in whole or in part, you will then be advised in writing of the reason for any denial, and the name and address of the Records Access Appeals Officer.</span>"
"extension","0056","Extended - 2nd Letter","<span class=""mceNonEditable"">Dear Sir or Madam:<br /><br />&nbsp;&nbsp;&nbsp;&nbsp;&nbsp;&nbsp;&nbsp;&nbsp;This is in response to your request received by this office on {{ moment(date).format('MMMM D, YYYY') }} in which you requested access to certain records under the New York State Freedom of Information Law (FOIL).<br /><br />&nbsp;&nbsp;&nbsp;&nbsp;&nbsp;&nbsp;&nbsp;&nbsp;Please be advised that this office requires additional time to determine your request. This office receives a very large number of FOIL requests. We make every effort to process FOIL requests as expeditiously as possible, in the order in which they are received.<br /><br />&nbsp;&nbsp;&nbsp;&nbsp;&nbsp;&nbsp;&nbsp;&nbsp;Your request has been assigned to {{ user.title }} {{ user.last_name }} ({{ user.formatted_point_of_contact_number }}). I estimate that the processing of your request will be completed by {{ moment(due_date).format('MMMM D, YYYY') }}. The estimated time required to determine your request is based on the following factor(s):<br/><br/>&nbsp;&nbsp;&nbsp;&nbsp;&nbsp;&nbsp;<img src=""{{ url_for('static', filename='img/checkbox.png') }}"">&nbsp;&nbsp;Record(s) are located in several locations and are difficult to search or locate.<br/>&nbsp;&nbsp;&nbsp;&nbsp;&nbsp;&nbsp;<img src=""{{ url_for('static', filename='img/checkbox.png') }}"">&nbsp;&nbsp;Records are archived and are difficult to locate and retrieve.<br/>&nbsp;&nbsp;&nbsp;&nbsp;&nbsp;&nbsp;<img src=""{{ url_for('static', filename='img/checkbox.png') }}"">&nbsp;&nbsp;Numerous records must be reviewed in order to determine whether disclosure is required.<br/>&nbsp;&nbsp;&nbsp;&nbsp;&nbsp;&nbsp;<img src=""{{ url_for('static', filename='img/checkbox.png') }}"">&nbsp;&nbsp;Record(s) have not yet been received from other NYPD unit(s).<br/>&nbsp;&nbsp;&nbsp;&nbsp;&nbsp;&nbsp;<img src=""{{ url_for('static', filename='img/checkbox.png') }}"">&nbsp;&nbsp;Request is extremely voluminous and/or complex.<br/>&nbsp;&nbsp;&nbsp;&nbsp;&nbsp;&nbsp;<img src=""{{ url_for('static', filename='img/checkbox.png') }}"">&nbsp;&nbsp;Other: </span><span class=""mceEditable""></span><span class=""mceNonEditable""><br /><br />&nbsp;&nbsp;&nbsp;&nbsp;&nbsp;&nbsp;&nbsp;&nbsp;This is not a denial of the records you requested. Should your request be denied in whole or in part, you will then be advised in writing of the reason for any denial, and of the name and address of the Records Access Appeals Officer.</span>"
"extension","0056","Extended - 3rd Letter","<span class=""mceNonEditable"">Dear Sir or Madam:<br /><br />&nbsp;&nbsp;&nbsp;&nbsp;&nbsp;&nbsp;&nbsp;&nbsp;This is in response to your request received by this office on {{ moment(date).format('MMMM D, YYYY') }} {% if acknowledgement is not none %}and acknowledged on {{ moment(acknowledgement.date_modified).format('MMMM D, YYYY') }},{% endif %} in which you requested access to certain records under the New York State Freedom of Information Law (FOIL).<br /><br />&nbsp;&nbsp;&nbsp;&nbsp;&nbsp;&nbsp;&nbsp;&nbsp;Please be advised that this office requires additional time to determine your request. This office receives a very large number of FOIL requests. We make every effort to process FOIL requests as expeditiously as possible, in the order in which they are received.<br /><br />&nbsp;&nbsp;&nbsp;&nbsp;&nbsp;&nbsp;&nbsp;&nbsp;Your request has been assigned to {{ user.title }} {{ user.last_name }} ({{ user.formatted_point_of_contact_number }}). I estimate that the processing of your request will be completed by {{ moment(due_date).format('MMMM D, YYYY') }}. The estimated time required to determine your request is based on the following factor(s):<br/><br/>&nbsp;&nbsp;&nbsp;&nbsp;&nbsp;&nbsp;<img src=""{{ url_for('static', filename='img/checkbox.png') }}"">&nbsp;&nbsp;Record(s) are located in several locations and are difficult to search or locate.<br/>&nbsp;&nbsp;&nbsp;&nbsp;&nbsp;&nbsp;<img src=""{{ url_for('static', filename='img/checkbox.png') }}"">&nbsp;&nbsp;Records are archived and are difficult to locate and retrieve.<br/>&nbsp;&nbsp;&nbsp;&nbsp;&nbsp;&nbsp;<img src=""{{ url_for('static', filename='img/checkbox.png') }}"">&nbsp;&nbsp;Numerous records must be reviewed in order to determine whether disclosure is required.<br/>&nbsp;&nbsp;&nbsp;&nbsp;&nbsp;&nbsp;<img src=""{{ url_for('static', filename='img/checkbox.png') }}"">&nbsp;&nbsp;Record(s) have not yet been received from other NYPD unit(s).<br/>&nbsp;&nbsp;&nbsp;&nbsp;&nbsp;&nbsp;<img src=""{{ url_for('static', filename='img/checkbox.png') }}"">&nbsp;&nbsp;Request is extremely voluminous and/or complex.<br/>&nbsp;&nbsp;&nbsp;&nbsp;&nbsp;&nbsp;<img src=""{{ url_for('static', filename='img/checkbox.png') }}"">&nbsp;&nbsp;Other: </span><span class=""mceEditable""></span><span class=""mceNonEditable""><br /><br />&nbsp;&nbsp;&nbsp;&nbsp;&nbsp;&nbsp;&nbsp;&nbsp;This is not a denial of the records you requested. Should your request be denied in whole or in part, you will then be advised in writing of the reason for any denial, and of the name and address of the Records Access Appeals Officer.</span>"
"letters","0056","Additional Info","<span class=""mceNonEditable"">Dear Sir or Madam:<br /><br />&nbsp;&nbsp;&nbsp;&nbsp;&nbsp;&nbsp;&nbsp;&nbsp;This is in response to your request received by this office on {{ moment(date_submitted).format('MMMM D, YYYY') }} in which you requested access to certain records under the New York State Freedom of Information Law (FOIL).<br /><br />&nbsp;&nbsp;&nbsp;&nbsp;&nbsp;&nbsp;&nbsp;&nbsp;Before a determination can be rendered, further review is necessary to assess the potential applicability of exemptions set forth in FOIL, and whether the records can be located. In order to process your request, we require the following additional information:<br /><br /><div class=""mceNonEditable"" style=""padding-left: 50px""><table><tr><td style=""white-space:nowrap;"">Type of Incident Reported:</td><td>_______________________________________________</td></tr><tr><td>Precinct of Incident:</td><td>_______________________________________________</td></tr><tr><td>Location of Incident:</td><td>_______________________________________________</td></tr><tr><td>Date of Incident:</td><td>_______________________________________________</td></tr><tr><td>Date of Incident:</td><td>_______________________________________________</td></tr><tr><td>Other:</td><td>_______________________________________________</td></tr></table></div><br /><br />&nbsp;&nbsp;&nbsp;&nbsp;&nbsp;&nbsp;&nbsp;&nbsp;&nbsp;&nbsp;&nbsp;&nbsp;&nbsp;You must provide this information to this unit within thirty (30) days of the date of this letter, addressed to the attention of {{ user.title }} {{ user.last_name }} ({{ user.formatted_point_of_contact_number }}), who has been assigned to your case. Failure to do so will result in this file being CLOSED.<br /><br />&nbsp;&nbsp;&nbsp;&nbsp;&nbsp;&nbsp;&nbsp;&nbsp;This is not a denial of the records you requested. Should your request be denied in whole or in part, you will then be advised in writing of the reason for any denial, and the name and address of the Records Access Appeals Officer.</span>"
"letters","0056","Arrest Info","<span class=""mceNonEditable"">Dear Sir or Madam:<br /><br />&nbsp;&nbsp;&nbsp;&nbsp;&nbsp;&nbsp;&nbsp;&nbsp;This is in response to your request received by this office on {{ moment(date_submitted).format('MMMM D, YYYY') }} in which you requested access to certain records under the New York State Freedom of Information Law (FOIL).<br /><br />&nbsp;&nbsp;&nbsp;&nbsp;&nbsp;&nbsp;&nbsp;&nbsp;Before a determination can be rendered, further review is necessary to assess the potential applicability of exemptions set forth in FOIL, and whether the records can be located. In order to process your request, we require the following additional information:<br /><br /><div class=""mceNonEditable"" style=""padding-left: 50px""><table><tr><td>Date of Birth:</td><td>_______________________________________________</td></tr><tr><td>Social Security #:</td><td>_______________________________________________</td></tr><tr><td>Precinct of Arrest:</td><td>_______________________________________________</td></tr><tr><td>Arrest Charge:</td><td>_______________________________________________</td></tr><tr><td>Date of Arrest:</td><td>_______________________________________________</td></tr><tr><td>NYSID # (if known):</td><td>_______________________________________________</td></tr><tr><td>Other:</td><td>_______________________________________________</td></tr></table></div><br /><br />&nbsp;&nbsp;&nbsp;&nbsp;&nbsp;&nbsp;&nbsp;&nbsp;&nbsp;&nbsp;&nbsp;&nbsp;&nbsp;You must provide this information to this unit within thirty (30) days of the date of this letter, addressed to the attention of {{ user.title }} {{ user.last_name }} ({{ user.formatted_point_of_contact_number }}), who has been assigned to your case. Failure to do so will result in this file being CLOSED.<br /><br />&nbsp;&nbsp;&nbsp;&nbsp;&nbsp;&nbsp;&nbsp;&nbsp;This is not a denial of the records you requested. Should your request be denied in whole or in part, you will then be advised in writing of the reason for any denial, and the name and address of the Records Access Appeals Officer.</span>"
"letters","0056","CIS Letter CD-DVD","<span class=""mceNonEditable"">Dear Sir or Madam:<br /><br />&nbsp;&nbsp;&nbsp;&nbsp;&nbsp;&nbsp;&nbsp;&nbsp;This letter is in further response to your letter dated {{ moment(date_submitted).format('MMMM D, YYYY') }} in which you requested access to NYPD records of an accident investigation pursuant to the N.Y. Public Officers Law §84 et seq., also known as the Freedom of Information Law (""FOIL"").<br /><br />&nbsp;&nbsp;&nbsp;&nbsp;&nbsp;&nbsp;&nbsp;&nbsp;Because you and/or your client have demonstrated that you have an interest in the subject accident, §66-a of the Public Officers Law, rather than FOIL, governs the extent of disclosure that is available to you, and affords you greater access than could be obtained under FOIL.<br /><br />&nbsp;&nbsp;&nbsp;&nbsp;&nbsp;&nbsp;&nbsp;&nbsp;Accordingly, the records that you have been saved to the enclosed CD/DVD-ROM.</span>"
"letters","0056","CIS Letter Redacted","<span class=""mceNonEditable"">Dear Sir or Madam:<br /><br />&nbsp;&nbsp;&nbsp;&nbsp;&nbsp;&nbsp;&nbsp;&nbsp;This letter is in further response to your letter dated {{ moment(date_submitted).format('MMMM D, YYYY') }} in which you requested access to NYPD records of an accident investigation pursuant to the N.Y. Public Officers Law §84 et seq., also known as the Freedom of Information Law (""FOIL"").<br /><br />&nbsp;&nbsp;&nbsp;&nbsp;&nbsp;&nbsp;&nbsp;&nbsp;Because you and/or your client have demonstrated that you have an interest in the subject accident, §66-a of the Public Officers Law, rather than FOIL, governs the extent of disclosure that is available to you, and affords you greater access than could be obtained under FOIL.<br /><br />&nbsp;&nbsp;&nbsp;&nbsp;&nbsp;&nbsp;&nbsp;&nbsp;Accordingly, the records that you requested are enclosed. Please note that if the case folder contained records that did not directly pertain to the accident, such records are not included in the enclosed document(s).</span>"
"letters","0056","CIS Letter CD-DVD Redacted","<span class=""mceNonEditable"">Dear Sir or Madam:<br /><br />&nbsp;&nbsp;&nbsp;&nbsp;&nbsp;&nbsp;&nbsp;&nbsp;This letter is in further response to your letter dated {{ moment(date_submitted).format('MMMM D, YYYY') }} in which you requested access to NYPD records of an accident investigation pursuant to the N.Y. Public Officers Law §84 et seq., also known as the Freedom of Information Law (""FOIL"").<br /><br />&nbsp;&nbsp;&nbsp;&nbsp;&nbsp;&nbsp;&nbsp;&nbsp;Because you and/or your client have demonstrated that you have an interest in the subject accident, §66-a of the Public Officers Law, rather than FOIL, governs the extent of disclosure that is available to you, and affords you greater access than could be obtained under FOIL.<br /><br />&nbsp;&nbsp;&nbsp;&nbsp;&nbsp;&nbsp;&nbsp;&nbsp;Accordingly, the records that you requested have been saved to the enclosed CD/DVD-ROM. Please note that if the case folder contained records that did not directly pertain to the accident, such records are not included in the enclosed CD/DVD-ROM.</span>"
"letters","0056","E-Mail","<span class=""mceNonEditable"">Dear Sir or Madam:<br /><br />&nbsp;&nbsp;&nbsp;&nbsp;&nbsp;&nbsp;&nbsp;&nbsp;An Email that you sent to the New York City Police Department has been forwarded to this unit for a response. Your E-Mail requests access to records that may be in the possession of the New York City Police Department. To facilitate a proper response to your request, a Freedom of Information Law (FOIL) request form is enclosed. Please fill out the form with as much information as you have regarding the records you are requesting. Upon our receipt of the completed form a search for such records must be conducted. If records responsive to your request are located, such records must be reviewed to assess the applicability of any particular exemptions from disclosure set forth in FOIL. I estimate that this process will be completed within 30 days of our receipt of the attached form.<br /><br />&nbsp;&nbsp;&nbsp;&nbsp;&nbsp;&nbsp;&nbsp;&nbsp;You must provide this information to the unit within thirty days of the date of this letter, addressed to the attention of {{ user.title }} {{ user.last_name }} ({{ user.formatted_point_of_contact_number }}), who has been assigned to handle your case. Failure to do so will result in this file being CLOSED.</span>"
"letters","0056","Info Prisoner","<span class=""mceNonEditable"">Dear Sir or Madam:<br /><br />&nbsp;&nbsp;&nbsp;&nbsp;&nbsp;&nbsp;&nbsp;&nbsp;This is in response to your letter dated {{ moment(date_submitted).format('MMMM D, YYYY') }}, which was received by this office on {{ moment(date_received).format('MMMM D, YYYY') }}, in which you requested access to certain records under the New York State Freedom of Information Law (FOIL).<br /><br />&nbsp;&nbsp;&nbsp;&nbsp;&nbsp;&nbsp;&nbsp;&nbsp;Before a determination can be rendered, further review is necessary to assess the potential applicability of exemptions set forth in FOIL, and whether the records can be located. In order to process your request, we require the following additional information:<br /><br /><div class=""mceNonEditable"" style=""padding-left: 50px""><table><tr><td>Date of Birth:</td><td>_______________________________________________</td></tr><tr><td>Social Security #:</td><td>_______________________________________________</td></tr><tr><td>Precinct of Arrest:</td><td>_______________________________________________</td></tr><tr><td>Arrest Charge:</td><td>_______________________________________________</td></tr><tr><td>Date of Arrest:</td><td>_______________________________________________</td></tr><tr><td>NYSID # (if known):</td><td>_______________________________________________</td></tr><tr><td>Other:</td><td>_______________________________________________</td></tr></table></div><br /><br />&nbsp;&nbsp;&nbsp;&nbsp;&nbsp;&nbsp;&nbsp;&nbsp;&nbsp;&nbsp;&nbsp;&nbsp;&nbsp;You must provide this information to this unit within thirty (30) days of the date of this letter, addressed to the attention of {{ user.title }} {{ user.last_name }} ({{ user.formatted_point_of_contact_number }}), who has been assigned to your case. Failure to do so will result in this file being CLOSED.<br /><br />&nbsp;&nbsp;&nbsp;&nbsp;&nbsp;&nbsp;&nbsp;&nbsp;This is not a denial of the records you requested. Should your request be denied in whole or in part, you will then be advised in writing of the reason for any denial, and the name and address of the Records Access Appeals Officer.</span>"
"letters","0056","Parent Affidavit","<span class="" mceNonEditable"">Dear Sir or Madam:<br /><br />&nbsp;&nbsp;&nbsp;&nbsp;&nbsp;&nbsp;&nbsp;&nbsp;This is    in response to your request received by this office on {{ moment(date_submitted).format('MMMM D, YYYY') }}, in    which you requested access to certain records    under the New York State Freedom of Information Law (FOIL).<br /><br />&nbsp;&nbsp;&nbsp;&nbsp;&nbsp;&nbsp;&nbsp;&nbsp;In regard to the document(s) which you requested, it is necessary for you to provide this office with a notarized affidavit as the victim’s parent or legal guardian authorizing release of the requested documents.<br /><br />&nbsp;&nbsp;&nbsp;&nbsp;&nbsp;&nbsp;&nbsp;&nbsp;&nbsp;&nbsp;&nbsp;&nbsp;&nbsp;You    must provide this affidavit to this unit within thirty (30) days of the date of this letter to enable us to search for possible sealed records. Failure to do so will result in this file being CLOSED.<br /><br />&nbsp;&nbsp;&nbsp;&nbsp;&nbsp;&nbsp;&nbsp;&nbsp;</span>"
"re-opening","0056","Re-Opening","<span class=""mceNonEditable"">Dear Sir or Madam:<br /><br />&nbsp;&nbsp;&nbsp;&nbsp;&nbsp;&nbsp;&nbsp;&nbsp;This is in response to your request received by this office on {{ moment(request.date).format('MMMM D, YYYY') }} in which you requested access to certain records under the New York State Freedom of Information Law (FOIL).<br /><br />&nbsp;&nbsp;&nbsp;&nbsp;&nbsp;&nbsp;&nbsp;&nbsp;Your request has been re-opened and assigned to {{ user.title }} {{ user.last_name }} ({{ user.formatted_point_of_contact_number }}) of this office. Before a determination can be rendered, further review is necessary to assess the potential applicability of exemptions set forth in FOIL, and whether the records can be located. I estimate that this review will be completed, and a determination issued by {{ moment(due_date).format('MMMM D, YYYY') }}.<br /><br />&nbsp;&nbsp;&nbsp;&nbsp;&nbsp;&nbsp;&nbsp;&nbsp;This is not a denial of the records you requested. Should your request be denied in whole or in part, you will then be advised in writing of the reason for any denial, and the name and address of the Records Access Appeals Officer.</span>"
"denial","0056","Denied - BWC Exemption","<span class=""mceNonEditable"">Dear Sir or Madam:<br /><br />&nbsp;&nbsp;&nbsp;&nbsp;&nbsp;&nbsp;&nbsp;&nbsp;This is in response to your request received by this office on {{ moment(date).format('MMMM D, YYYY') }} in which you requested access to certain records under the New York State Freedom of Information Law (FOIL).<br /><br />&nbsp;&nbsp;&nbsp;&nbsp;&nbsp;&nbsp;&nbsp;&nbsp;Pursuant to an order by the Appellate Division First Judicial Department dated July 3, 2018, in the case of Patrolmen's Benevolent Association of the City of New York, Inc. v. Bill de Blasio in his official capacity as Mayor of the City of New York, James P. O'Neil in his official capacity as Commissioner of the City of New York Police Department, and New York City Police Department, Appelate Division of the Supreme Court of New York County, M-2522, M-2667, Index 150181/2018, the New York City Police Department is enjoined from releasing body camera footage absent compliance with N.Y. Civil Rights Law 50-a.<br /><br />&nbsp;&nbsp;&nbsp;&nbsp;&nbsp;&nbsp;&nbsp;&nbsp;If there is a need for body camera footage while the stay is in effect, one should, on notice, petition either a Justice of the Supreme Court or the Appellate Division, requesting an order modifying the stay for a particular video(s).<br /><br />&nbsp;&nbsp;&nbsp;&nbsp;&nbsp;&nbsp;&nbsp;&nbsp;You may appeal this decision or any portion thereof. Such an appeal must be made in writing within thirty (30) days of the date of this letter and must be forwarded to: Sergeant Jordan S. Mazur, Records Access Appeals Officer, New York City Police Department, One Police Plaza, Room 1406, New York. NY 10038 or emailed to foilappeals@nypd.org. Please include copies of the FOIL request and this letter with your appeal.</span>"
"denial","0056","Denied - Notary","<span class=""mceNonEditable"">Dear Sir or Madam:<br /><br />&nbsp;&nbsp;&nbsp;&nbsp;&nbsp;&nbsp;&nbsp;&nbsp;This is in response to your request received by this office on {{ moment(date).format(''MMMM D, YYYY'') }} in which you requested access to certain records under the New York State Freedom of Information Law (FOIL).<br /><br />&nbsp;&nbsp;&nbsp;&nbsp;&nbsp;&nbsp;&nbsp;&nbsp;In regard to the document(s) which you requested, it is necessary for you to provide this office with a notarized affidavit from your client/victim, authorizing the release of the requested documents.<br /><br />&nbsp;&nbsp;&nbsp;&nbsp;&nbsp;&nbsp;&nbsp;&nbsp;Name: </span><span class=""mceEditable"">[CLIENT/VICTIM NAME]</span><span class=""mceNonEditable""><br /><br />&nbsp;&nbsp;&nbsp;&nbsp;&nbsp;&nbsp;&nbsp;&nbsp;You may appeal this decision or any portion thereof. Such an appeal must be made in writing within thirty (30) days of the date of this letter and must be forwarded to: Sergeant Jordan S. Mazur, Records Access Appeals Officer, New York City Police Department, One Police Plaza, Room 1406, New York. NY 10038 or emailed to foilappeals@nypd.org. Please include copies of the FOIL request and this letter with your appeal.</span>"
"denial","0056","Denied - Confidential Information","<span class=""mceNonEditable"">Dear Sir or Madam:<br /><br />&nbsp;&nbsp;&nbsp;&nbsp;&nbsp;&nbsp;&nbsp;&nbsp;This is in response to your request received by this office on {{ moment(date).format(''MMMM D, YYYY'') }} in which you requested access to certain records under the New York State Freedom of Information Law (FOIL).<br /><br />&nbsp;&nbsp;&nbsp;&nbsp;&nbsp;&nbsp;&nbsp;&nbsp;In regard to the document(s) which you have requested, I must deny access to these records on the basis of Public Officers Law section 87(2)(e)(iii) as such records/information, if disclosed, would identify a confidential source or disclose confidential information relating to a criminal investigation.<br /><br />&nbsp;&nbsp;&nbsp;&nbsp;&nbsp;&nbsp;&nbsp;&nbsp;You may appeal this decision or any portion thereof. Such an appeal must be made in writing within thirty (30) days of the date of this letter and must be forwarded to: Sergeant Jordan S. Mazur, Records Access Appeals Officer, New York City Police Department, One Police Plaza, Room 1406, New York. NY 10038 or emailed to foilappeals@nypd.org. Please include copies of the FOIL request and this letter with your appeal.</span>"
"denial","0056","Denied - Refer to DoITT","<span class=""mceNonEditable"">Dear Sir or Madam:<br /><br />&nbsp;&nbsp;&nbsp;&nbsp;&nbsp;&nbsp;&nbsp;&nbsp;This is in response to your request received by this office on {{ moment(date).format(''MMMM D, YYYY'') }} in which you requested access to certain records under the New York State Freedom of Information Law (FOIL).<br /><br />&nbsp;&nbsp;&nbsp;&nbsp;&nbsp;&nbsp;&nbsp;&nbsp;In regard to the document(s) which you have requested, I am unable to provide access to these records, for these records are not in the possession, custody or control of this Department. It appears the document(s) you requested may be available from the Department of Information Technology & Telecommunications.<br /><br />&nbsp;&nbsp;&nbsp;&nbsp;&nbsp;&nbsp;&nbsp;&nbsp;You may appeal this decision or any portion thereof. Such an appeal must be made in writing within thirty (30) days of the date of this letter and must be forwarded to: Sergeant Jordan S. Mazur, Records Access Appeals Officer, New York City Police Department, One Police Plaza, Room 1406, New York. NY 10038 or emailed to foilappeals@nypd.org. Please include copies of the FOIL request and this letter with your appeal.</span>"
"denial","0056","Denied - Parent Affidavit","<span class=""mceNonEditable"">Dear Sir or Madam:<br /><br />&nbsp;&nbsp;&nbsp;&nbsp;&nbsp;&nbsp;&nbsp;&nbsp;This is in response to your request received by this office on {{ moment(date).format('MMMM D, YYYY') }} in which you requested access to certain records under the New York State Freedom of Information Law (FOIL).<br /><br />&nbsp;&nbsp;&nbsp;&nbsp;&nbsp;&nbsp;&nbsp;&nbsp;In regard to the document(s) which you requested, it is necessary for you to provide this office with a notarized affidavit as the victim’s parent or legal guardian authorizing release of the requested documents.<br /><br />&nbsp;&nbsp;&nbsp;&nbsp;&nbsp;&nbsp;&nbsp;&nbsp;You must provide this affidavit to this unit within thirty (30) days of the date of this letter to enable us to search for possible sealed records. Failure to do so will result in this file being CLOSED.</span>"
"denial","0056","Denied - Unrelated Collision Records","<span class=""mceNonEditable"">Dear Sir or Madam:<br /><br />&nbsp;&nbsp;&nbsp;&nbsp;&nbsp;&nbsp;&nbsp;&nbsp;This is in response to your request received by this office on {{ moment(date).format('MMMM D, YYYY') }} in which you requested access to certain records under the New York State Freedom of Information Law (FOIL).<br /><br />&nbsp;&nbsp;&nbsp;&nbsp;&nbsp;&nbsp;&nbsp;&nbsp;The case folder contained records that did not directly pertain to the collision. Such records have not been provided to you.<br /><br />&nbsp;&nbsp;&nbsp;&nbsp;&nbsp;&nbsp;&nbsp;&nbsp;You may appeal this decision or any portion thereof. Such an appeal must be made in writing within thirty (30) days of the date of this letter and must be forwarded to: Sergeant Jordan S. Mazur, Records Access Appeals Officer, New York City Police Department, One Police Plaza, Room 1406, New York. NY 10038 or emailed to foilappeals@nypd.org. Please include copies of the FOIL request and this letter with your appeal.</span>"
"denial","0056","Denied - Collision Report","<span class=""mceNonEditable"">Dear Sir or Madam:<br /><br />&nbsp;&nbsp;&nbsp;&nbsp;&nbsp;&nbsp;&nbsp;&nbsp;This is in response to your request received by this office on {{ moment(date).format('MMMM D, YYYY') }} in which you requested access to certain records under the New York State Freedom of Information Law (FOIL).<br /><br />&nbsp;&nbsp;&nbsp;&nbsp;&nbsp;&nbsp;&nbsp;&nbsp;The document(s) which you requested may be available from the NYPD Collision Report Website (https://collisionreport.nypdonline.org).<br /><br />&nbsp;&nbsp;&nbsp;&nbsp;&nbsp;&nbsp;&nbsp;&nbsp;You may appeal this decision or any portion thereof. Such an appeal must be made in writing within thirty (30) days of the date of this letter and must be forwarded to: Sergeant Jordan S. Mazur, Records Access Appeals Officer, New York City Police Department, One Police Plaza, Room 1406, New York. NY 10038 or emailed to foilappeals@nypd.org. Please include copies of the FOIL request and this letter with your appeal.</span>"
"denial","0056","Denied - Civilian Collision Report-MV-104","<span class=""mceNonEditable"">Dear Sir or Madam:<br /><br />&nbsp;&nbsp;&nbsp;&nbsp;&nbsp;&nbsp;&nbsp;&nbsp;This is in response to your request received by this office on {{ moment(date).format('MMMM D, YYYY') }} in which you requested access to certain records under the New York State Freedom of Information Law (FOIL).<br /><br />&nbsp;&nbsp;&nbsp;&nbsp;&nbsp;&nbsp;&nbsp;&nbsp;The document(s) which you request may be available from the NYS Department of Motor Vehicle's Website (<a href=""https://dmv.ny.gov/get-accident-report"">https://dmv.ny.gov/get-accident-report</a>). These reports cannot be obtained via the New York Police Department.<br /><br />&nbsp;&nbsp;&nbsp;&nbsp;&nbsp;&nbsp;&nbsp;&nbsp;You may appeal this decision or any portion thereof. Such an appeal must be made in writing within thirty (30) days of the date of this letter and must be forwarded to: Sergeant Jordan S. Mazur, Records Access Appeals Officer, New York City Police Department, One Police Plaza, Room 1406, New York. NY 10038 or emailed to foilappeals@nypd.org. Please include copies of the FOIL request and this letter with your appeal.</span>"